<?xml version="1.0" encoding="UTF-8"?>
<metadata xml:lang="en"><Esri><CreaDate>20160919</CreaDate><CreaTime>15155500</CreaTime><ArcGISFormat>1.0</ArcGISFormat><SyncOnce>TRUE</SyncOnce><DataProperties><itemProps><itemLocation><linkage Sync="TRUE">file://\\bamboo.csis.msu.edu\csis\Francesco Tonini\Telecoupling\Data\SampleData\CORE_DATA\admin\world_countries_boundary_2002_WebMercator</linkage><protocol Sync="TRUE">Local Area Network</protocol></itemLocation></itemProps><copyHistory><copy source="Y:\Francesco Tonini\Telecoupling\Data\GIS\Administrative\world_countries_boundary_2002_WebMercator" dest="\\bamboo.csis.msu.edu\csis\Francesco Tonini\Telecoupling\Data\SampleData\CORE_DATA\admin\world_countries_boundary_2002_WebMercator" date="20160919" time="15155500"></copy></copyHistory></DataProperties></Esri></metadata>
